deviceld,year,month,prediction
A,2025,5,4.077490525577936
A,2025,6,4.077490525577936
A,2025,7,4.077490525577936
A,2025,8,4.077490525577936
A,2025,9,4.077490525577936
A,2025,10,4.077490525577936
B,2025,5,4.077490525577936
B,2025,6,4.077490525577936
B,2025,7,4.077490525577936
B,2025,8,4.077490525577936
B,2025,9,4.077490525577936
B,2025,10,4.077490525577936
